Date,Open,High,Low,Close,Volume,Dividends,Stock Splits
2023-03-31 00:00:00-04:00,206.26785132151798,211.17471760847994,205.80005485682372,210.94580078125,25440300,0.0,0.0
2023-04-03 00:00:00-04:00,207.8603425627802,212.4885388512506,207.22334536538006,212.0705108642578,17924600,0.0,0.0
2023-04-04 00:00:00-04:00,212.3890208096772,215.22565798742045,211.54300194972922,213.71278381347656,21026400,0.0,0.0
2023-04-05 00:00:00-04:00,213.14543424703638,214.18056419915374,208.95519150856262,210.4879608154297,19396600,0.0,0.0
2023-04-06 00:00:00-04:00,208.26843026535886,215.92235971438376,207.6712387273477,215.0863037109375,26104400,0.0,0.0
2023-04-10 00:00:00-04:00,213.70282432311066,214.64836493411835,209.6718194159604,213.7426300048828,16106100,0.0,0.0
2023-04-11 00:00:00-04:00,214.469206341982,215.00668177517124,212.40892434732177,212.84686279296875,16710100,0.0,0.0
2023-04-12 00:00:00-04:00,213.83219549453068,215.8228136209453,211.5828024790781,212.9961395263672,18972200,0.0,0.0
2023-04-13 00:00:00-04:00,214.71803716451024,220.11261089704294,214.6782314811641,219.31637573242188,23310400,0.0,0.0
2023-04-14 00:00:00-04:00,216.85796781816344,221.06812137423213,216.52951396808535,220.45103454589844,21591200,0.0,0.0
2023-04-17 00:00:00-04:00,218.75898897403798,219.9434092793781,216.11147820663248,217.83335876464844,15481900,0.0,0.0
2023-04-18 00:00:00-04:00,218.87841794798126,219.40593053219777,215.1957774816206,216.86788940429688,12281000,0.0,0.0
2023-04-19 00:00:00-04:00,212.46863633007044,216.31053009137096,211.93116090734108,214.68817138671875,15898100,0.0,0.0
2023-04-20 00:00:00-04:00,212.47857604073408,215.7332409525059,211.77191510577404,212.0705108642578,16475400,0.0,0.0
2023-04-21 00:00:00-04:00,209.2239362767764,212.40892241540604,208.59688667282944,211.891357421875,17717200,0.0,0.0
2023-04-24 00:00:00-04:00,212.67763354165274,212.91651318444914,209.72157959330661,211.79180908203125,15750900,0.0,0.0
2023-04-25 00:00:00-04:00,209.8310656719504,210.2689889060037,206.1583727694138,206.57640075683594,19198200,0.0,0.0
2023-04-26 00:00:00-04:00,211.50317348573273,213.10562166645425,207.90015957849502,208.41770935058594,41992700,0.0,0.0
2023-04-27 00:00:00-04:00,238.76468079109065,240.55624006896562,235.65932150091436,237.44091796875,71196500,0.0,0.0
2023-04-28 00:00:00-04:00,237.88882032208997,239.302157408545,234.64411815351386,239.19268798828125,39554000,0.0,0.0
2023-05-01 00:00:00-04:00,237.5006388027442,242.85540630997818,235.35078281375567,242.03924560546875,29143900,0.0,0.0
2023-05-02 00:00:00-04:00,242.0392571311576,243.77110041454424,237.86892480278289,238.1177520751953,24350100,0.0,0.0
2023-05-03 00:00:00-04:00,238.34666262371402,240.6159660732543,231.65818450279187,235.91810607910156,34463900,0.0,0.0
2023-05-04 00:00:00-04:00,234.9526541341907,237.08261491383803,231.83733191833227,232.42457580566406,17889400,0.0,0.0
2023-05-05 00:00:00-04:00,231.15058908887747,233.57913051710213,228.77180096550416,231.68804931640625,26978900,0.0,0.0
2023-05-08 00:00:00-04:00,230.3344380180247,234.51473334429355,229.18983858856006,232.17576599121094,16400500,0.0,0.0
2023-05-09 00:00:00-04:00,230.37423980806227,234.77350399447775,229.99601750847725,232.2752685546875,16865600,0.0,0.0
2023-05-10 00:00:00-04:00,235.06216551737595,235.63944666006466,229.6377335630662,231.98666381835938,19119000,0.0,0.0
2023-05-11 00:00:00-04:00,231.9567771077636,237.09257544998172,231.21029532036715,234.6839141845703,20449000,0.0,0.0
2023-05-12 00:00:00-04:00,235.62947452992515,235.84844374014472,230.3642810485693,232.7132110595703,16155300,0.0,0.0
2023-05-15 00:00:00-04:00,235.80864551968097,239.1329744854319,234.226107592461,237.7395477294922,20653200,0.0,0.0
2023-05-16 00:00:00-04:00,234.68390673368185,238.51585252887566,234.4151842335425,237.69970703125,18163800,0.0,0.0
2023-05-17 00:00:00-04:00,237.33143628120126,242.6961513706199,237.0228929104052,241.3524932861328,21193100,0.0,0.0
2023-05-18 00:00:00-04:00,240.16809372378933,245.93092684694426,240.05860911308702,245.6920623779297,22943300,0.0,0.0
2023-05-19 00:00:00-04:00,246.30914944792605,247.52342779081425,242.26819684565072,244.48773193359375,21599800,0.0,0.0
2023-05-22 00:00:00-04:00,244.25881345757563,252.3805394775979,243.9701653095046,247.15516662597656,27738500,0.0,0.0
2023-05-23 00:00:00-04:00,245.6522290451414,250.4297156168021,245.49297594907011,245.5825653076172,17748100,0.0,0.0
2023-05-24 00:00:00-04:00,244.12941248469795,248.41919223447994,243.80095866239202,248.04098510742188,17724300,0.0,0.0
2023-05-25 00:00:00-04:00,252.21133017450006,254.42091768179606,248.00117676182518,251.50466918945312,22371400,0.0,0.0
2023-05-26 00:00:00-04:00,251.74350980849536,261.0795135233531,251.5245557905279,260.810791015625,25727200,0.0,0.0
2023-05-30 00:00:00-04:00,264.0057177449401,267.3897623404906,260.06430252774226,261.28851318359375,23816500,0.0,0.0
2023-05-31 00:00:00-04:00,258.78038053593673,263.75692631547395,257.23766349405014,263.4782409667969,25473700,0.0,0.0
2023-06-01 00:00:00-04:00,264.65266175333346,272.7146708722513,264.64272931776173,271.3311767578125,25609500,0.0,0.0
2023-06-02 00:00:00-04:00,271.380960433354,274.0583441211411,269.84817604113204,271.3311767578125,19405300,0.0,0.0
2023-06-05 00:00:00-04:00,269.0320297424895,274.2773279863085,268.295510749762,270.116943359375,20742900,0.0,0.0
2023-06-06 00:00:00-04:00,268.8728524691586,275.2726835876364,268.42495116172773,269.8482360839844,19419000,0.0,0.0
2023-06-07 00:00:00-04:00,270.39561545536134,272.9634993681727,261.5671989129693,262.36346435546875,26163600,0.0,0.0
2023-06-08 00:00:00-04:00,259.39745167318773,266.3944734012991,257.6656235664066,263.3388671875,20899400,0.0,0.0
2023-06-09 00:00:00-04:00,261.24870844070034,266.69304970199425,260.47236866186955,263.7071228027344,16938500,0.0,0.0
2023-06-12 00:00:00-04:00,265.9167599340666,270.4752624928421,264.0853643619349,269.7785339355469,15442500,0.0,0.0
2023-06-13 00:00:00-04:00,273.590600605039,274.4266566968144,267.8277517721862,270.04730224609375,16164000,0.0,0.0
2023-06-14 00:00:00-04:00,270.61460623980014,273.70004015551854,267.06134545688445,272.0677490234375,19175100,0.0,0.0
2023-06-15 00:00:00-04:00,271.02267007942214,282.6578365022489,270.14682353972785,280.5079650878906,25973500,0.0,0.0
2023-06-16 00:00:00-04:00,283.414263334987,286.49972758840875,278.81594019978445,279.6818542480469,43102500,0.0,0.0
2023-06-20 00:00:00-04:00,277.4225093020109,283.4640123003581,274.92427380491404,282.9962158203125,20701600,0.0,0.0
2023-06-21 00:00:00-04:00,282.19999663631,282.6677931427556,277.05423506540825,280.3188781738281,20556200,0.0,0.0
2023-06-22 00:00:00-04:00,277.77085945854066,283.9218929847252,276.4869325466224,283.5436706542969,17563100,0.0,0.0
2023-06-23 00:00:00-04:00,280.1894773602233,288.3112033451979,277.64148846781046,287.3756103515625,50988400,0.0,0.0
2023-06-26 00:00:00-04:00,287.34574985333995,288.43063312942365,276.29781274794044,277.1637268066406,24232700,0.0,0.0
2023-06-27 00:00:00-04:00,280.6870947928959,287.99265905136053,279.33345878721445,285.70343017578125,26108300,0.0,0.0
2023-06-28 00:00:00-04:00,283.4839552004256,288.19174797067035,282.7275105377967,283.9517517089844,16722100,0.0,0.0
2023-06-29 00:00:00-04:00,283.1654813052327,285.22577874026877,279.3733554969692,280.20941162109375,15395700,0.0,0.0
2023-06-30 00:00:00-04:00,283.4242018574071,287.6940556173731,283.08580044078826,285.6337890625,19676000,0.0,0.0
2023-07-03 00:00:00-04:00,285.3551475204468,288.04246402024535,283.5138195047325,284.6783142089844,8629300,0.0,0.0
2023-07-05 00:00:00-04:00,286.3006573561467,296.72154487782586,285.0167001086486,292.9891357421875,33865500,0.0,0.0
2023-07-06 00:00:00-04:00,294.50199923617,296.72151890155914,289.94346693457334,290.6202697753906,47600500,0.0,0.0
2023-07-07 00:00:00-04:00,290.809429367597,294.81059171695284,287.30595198342843,289.16717529296875,25546200,0.0,0.0
2023-07-10 00:00:00-04:00,294.16360851643054,296.73152314518745,285.7034807016354,292.7204284667969,37058300,0.0,0.0
2023-07-11 00:00:00-04:00,292.5213557994952,298.7718961039844,290.53073748119385,296.8907775878906,27585900,0.0,0.0
2023-07-12 00:00:00-04:00,300.33449375733306,307.9983852838418,298.6922399657728,307.8888854980469,36677100,0.0,0.0
2023-07-13 00:00:00-04:00,312.148825735841,314.7565306398543,308.8344598968248,311.9398193359375,30281000,0.0,0.0
2023-07-14 00:00:00-04:00,310.32742795194724,313.4029293780309,305.9181856231809,307.4211120605469,22576000,0.0,0.0
2023-07-17 00:00:00-04:00,306.09736421786033,310.2477860887302,303.2806225002827,309.16290283203125,25323100,0.0,0.0
2023-07-18 00:00:00-04:00,309.42171744719434,312.7261511581507,306.1769998560628,310.5862121582031,20764600,0.0,0.0
2023-07-19 00:00:00-04:00,311.56161677383153,317.18510730194566,309.06338112949766,314.52764892578125,21763700,0.0,0.0
2023-07-20 00:00:00-04:00,312.0293957162204,314.05983473863796,300.8023105398768,301.10089111328125,23836900,0.0,0.0
2023-07-21 00:00:00-04:00,303.14130371026374,304.02711302576523,289.834025734893,292.8796691894531,42089700,0.0,0.0
2023-07-24 00:00:00-04:00,294.3925176464592,296.1243457210145,286.9475948140285,290.2420654296875,24915700,0.0,0.0
2023-07-25 00:00:00-04:00,293.8053078788138,296.90070472883343,290.4909114282854,293.08868408203125,19585600,0.0,0.0
2023-07-26 00:00:00-04:00,299.7771692586956,300.35443520853624,290.5307386288225,297.1694641113281,47256900,0.0,0.0
2023-07-27 00:00:00-04:00,323.5948700822437,323.8238020961345,308.38654917272476,310.2477722167969,64229200,0.0,0.0
2023-07-28 00:00:00-04:00,315.39355222445687,324.66984031915814,312.77588443356973,323.9532165527344,39220300,0.0,0.0
2023-07-31 00:00:00-04:00,322.1715881591069,324.1323481985344,316.10019689176113,317.10546875,25799600,0.0,0.0
2023-08-01 00:00:00-04:00,316.05046637065453,322.61951263548195,313.1839712460445,321.1961975097656,22817900,0.0,0.0
2023-08-02 00:00:00-04:00,316.5082948275176,316.89647995750096,309.1927668438837,312.8356018066406,20461100,0.0,0.0
2023-08-03 00:00:00-04:00,308.47613836606814,314.4679185156936,308.47613836606814,311.7208557128906,15180200,0.0,0.0
2023-08-04 00:00:00-04:00,313.48253785122665,316.916366310776,308.74488730741234,309.27239990234375,17600200,0.0,0.0
2023-08-07 00:00:00-04:00,311.760676823609,315.5826600797192,309.00365120796704,315.0750427246094,16236500,0.0,0.0
2023-08-08 00:00:00-04:00,312.92515464412173,316.3988038321548,308.65527037756453,311.1734313964844,15183500,0.0,0.0
2023-08-09 00:00:00-04:00,311.41232415491487,312.1588059993001,301.4293748376465,303.7782897949219,19955800,0.0,0.0
2023-08-10 00:00:00-04:00,306.49550897944533,310.8748632631293,302.44459335790685,304.3058166503906,14358900,0.0,0.0
2023-08-11 00:00:00-04:00,301.1507279716822,303.2906367907581,298.9510726529524,300.22509765625,13967800,0.0,0.0
2023-08-14 00:00:00-04:00,299.56817077238907,304.7736183935267,296.850965750425,304.75372314453125,15641900,0.0,0.0
2023-08-15 00:00:00-04:00,304.70391654022484,305.7887997220303,298.62256266171255,300.5335693359375,11623600,0.0,0.0
2023-08-16 00:00:00-04:00,298.7917956428592,299.6676421119351,292.8995525703216,292.9095153808594,18547700,0.0,0.0
2023-08-17 00:00:00-04:00,291.6753379770627,294.6612654651381,283.61335805879924,283.752685546875,23950100,0.0,0.0
2023-08-18 00:00:00-04:00,277.72108965942147,284.3498517361462,273.0929085409362,281.9212951660156,34061200,0.0,0.0
2023-08-21 00:00:00-04:00,282.1203448313788,289.137261047832,280.52784437550855,288.5400695800781,20181500,0.0,0.0
2023-08-22 00:00:00-04:00,291.1776775592595,291.5260418341039,285.40489668112855,286.25091552734375,12999900,0.0,0.0
2023-08-23 00:00:00-04:00,287.14667667048064,296.0049216263318,286.320583478428,292.8597412109375,18287000,0.0,0.0
2023-08-24 00:00:00-04:00,297.09975831780935,298.0552465231389,285.2954072906671,285.4048767089844,18360900,0.0,0.0
2023-08-25 00:00:00-04:00,284.78781623540743,287.0372246680765,274.73518759423246,284.1607666015625,23701400,0.0,0.0
2023-08-28 00:00:00-04:00,286.6490291486704,290.08285779345016,284.4593369151262,288.8984375,14239300,0.0,0.0
2023-08-29 00:00:00-04:00,287.2263299187421,297.7467559781193,286.8282122937407,296.5921936035156,20844500,0.0,0.0
2023-08-30 00:00:00-04:00,295.77602593765755,296.89076729736024,292.0535491568498,293.7157287597656,17717000,0.0,0.0
2023-08-31 00:00:00-04:00,294.41244012300496,299.6875969448397,294.2731126340071,294.5020446777344,17229900,0.0,0.0
2023-09-01 00:00:00-04:00,297.96571088735953,300.3245888357522,293.08870187335276,294.98974609375,12819800,0.0,0.0
2023-09-05 00:00:00-04:00,295.6266822173848,299.976208267469,294.12378621095934,298.74200439453125,14956000,0.0,0.0
2023-09-06 00:00:00-04:00,300.29469528432116,301.877233083243,294.27308747477696,297.7666320800781,15418100,0.0,0.0
2023-09-07 00:00:00-04:00,296.60211147258366,305.60964666787106,290.84922609591115,297.26898193359375,33748700,0.0,0.0
2023-09-08 00:00:00-04:00,297.81639301480607,303.8181057312273,295.3878363572217,296.4926452636719,17548000,0.0,0.0
2023-09-11 00:00:00-04:00,299.9961338689429,307.5903475262006,299.8667388198271,306.1172790527344,19489300,0.0,0.0
2023-09-12 00:00:00-04:00,304.8930413632468,307.21212871378674,298.82167979186084,300.2449645996094,13480400,0.0,0.0
2023-09-13 00:00:00-04:00,300.9416510282082,305.73904827782064,299.9065514127019,303.6289978027344,13210900,0.0,0.0
2023-09-14 00:00:00-04:00,305.3010712203956,311.40232021593397,303.59910134482067,310.2577209472656,19343100,0.0,0.0
2023-09-15 00:00:00-04:00,310.14825639942245,310.5364415310595,297.3485958570642,298.9012756347656,28106400,0.0,0.0
2023-09-18 00:00:00-04:00,296.79123455641644,302.17586064275775,296.4030494125245,301.1307678222656,14234200,0.0,0.0
2023-09-19 00:00:00-04:00,301.06112993463853,304.73382321724205,298.4036410748847,303.63897705078125,15924400,0.0,0.0
2023-09-20 00:00:00-04:00,303.61901950604306,306.6149095251009,298.02538739527154,298.2642822265625,19379500,0.0,0.0
2023-09-21 00:00:00-04:00,294.3128848647551,298.85149149662203,291.8942608985676,294.3427429199219,21300500,0.0,0.0
2023-09-22 00:00:00-04:00,297.89600168783267,303.94749802972694,296.87083452909513,297.6770324707031,25369600,0.0,0.0
2023-09-25 00:00:00-04:00,294.2531969567264,299.5382858487245,292.3222948724247,299.4188232421875,18987000,0.0,0.0
2023-09-26 00:00:00-04:00,296.26369704779074,298.89129715910343,294.62144318141753,297.5575866699219,19417200,0.0,0.0
2023-09-27 00:00:00-04:00,299.0406322939545,299.8866207323841,285.44470629532236,296.34332275390625,36429800,0.0,0.0
2023-09-28 00:00:00-04:00,297.537708362619,304.8930269053858,295.30822567161914,302.5341491699219,22167100,0.0,0.0
2023-09-29 00:00:00-04:00,305.9381066890614,309.18282397593697,297.95570851083454,298.8017272949219,25356600,0.0,0.0
2023-10-02 00:00:00-04:00,301.31985927401985,305.7390339915228,300.2150807818553,305.3807373046875,16265600,0.0,0.0
2023-10-03 00:00:00-04:00,302.8327846391416,305.3309900577834,298.23446102955893,299.5283508300781,17362300,0.0,0.0
2023-10-04 00:00:00-04:00,297.32870228509904,305.46036072928314,297.09977025429816,304.14654541015625,16880500,0.0,0.0
2023-10-05 00:00:00-04:00,303.20100691360363,304.77358187976694,298.0950665235925,303.3602600097656,19130000,0.0,0.0
2023-10-06 00:00:00-04:00,300.02598305497264,314.82622478441607,299.4984704372424,313.9503479003906,21784000,0.0,0.0
2023-10-09 00:00:00-04:00,311.034110603699,318.8273679142384,310.3573076688873,316.8666076660156,22503700,0.0,0.0
2023-10-10 00:00:00-04:00,317.6230496572654,323.1370708282648,316.6675613824087,320.3302917480469,19038000,0.0,0.0
2023-10-11 00:00:00-04:00,321.4948224363608,327.297461491469,321.43510631653925,326.2822570800781,22036300,0.0,0.0
2023-10-12 00:00:00-04:00,326.4613876290649,328.9894812698115,321.176298692219,322.639404296875,20530500,0.0,0.0
2023-10-13 00:00:00-04:00,322.012365849934,323.52522481264265,310.904712168084,313.2138366699219,21341000,0.0,0.0
2023-10-16 00:00:00-04:00,317.14528860458284,320.31036407708376,314.03989887039273,319.64349365234375,16536100,0.0,0.0
2023-10-17 00:00:00-04:00,316.6874270803916,322.87825060281386,315.81155025415745,322.4801330566406,16387800,0.0,0.0
2023-10-18 00:00:00-04:00,319.88240332612423,324.4110475402622,314.07973431610037,315.4831237792969,16851000,0.0,0.0
2023-10-19 00:00:00-04:00,318.3794943155827,320.3800754178104,310.2876261029342,311.3426513671875,18709200,0.0,0.0
2023-10-20 00:00:00-04:00,312.6664471256916,313.8209790698875,305.0324121857624,307.2021789550781,22287400,0.0,0.0
2023-10-23 00:00:00-04:00,308.048164095756,315.8712789822451,305.81868144861016,312.5370178222656,17796800,0.0,0.0
2023-10-24 00:00:00-04:00,315.294030938864,316.85667359232696,309.1728857486877,311.0838623046875,19525500,0.0,0.0
2023-10-25 00:00:00-04:00,308.5458582318755,309.4217352054743,297.43820369059677,298.1249694824219,42192500,0.0,0.0
2023-10-26 00:00:00-04:00,293.6161747076541,293.6161747076541,278.0893471906022,286.99737548828125,66684100,0.0,0.0
2023-10-27 00:00:00-04:00,293.09862830435657,297.9059577876648,291.59570187635046,295.33807373046875,29596300,0.0,0.0
2023-10-30 00:00:00-04:00,297.68700400906636,307.94863870811275,297.6471831390327,301.2402648925781,28435100,0.0,0.0
2023-10-31 00:00:00-04:00,301.88715875750415,302.2554182134435,295.467403804469,299.8567199707031,19434200,0.0,0.0
2023-11-01 00:00:00-04:00,300.4340550895294,311.27295529207805,300.4340550895294,310.38714599609375,20434600,0.0,0.0
2023-11-02 00:00:00-04:00,315.8115735548844,317.3244628661548,306.8836494789848,309.4117431640625,21631800,0.0,0.0
2023-11-03 00:00:00-04:00,311.0838655769867,314.0697930547671,309.5610437782957,313.124267578125,16754100,0.0,0.0
2023-11-06 00:00:00-05:00,314.4977517042866,316.8367035766862,312.9749301349818,314.3185729980469,12887700,0.0,0.0
2023-11-07 00:00:00-05:00,315.5727394578857,319.4942602220292,313.6418371374931,317.3244934082031,14055600,0.0,0.0
2023-11-08 00:00:00-05:00,316.64764664068247,319.8226546749476,313.4029293062361,318.2799377441406,13609700,0.0,0.0
2023-11-09 00:00:00-05:00,317.92165189456364,322.65930264250363,317.3045347267746,319.04632568359375,16103100,0.0,0.0
2023-11-10 00:00:00-05:00,318.43918694402515,327.55622168900237,317.9614276546455,327.2277526855469,19096200,0.0,0.0
2023-11-13 00:00:00-05:00,324.6698181866847,330.77103703454463,324.17216367099354,327.6457824707031,16908900,0.0,0.0
2023-11-14 00:00:00-05:00,332.97073559288077,336.51403377999327,331.7663896371569,334.732421875,17179400,0.0,0.0
2023-11-15 00:00:00-05:00,336.34477586710636,336.8125723298676,328.4718777328685,331.1492614746094,14531200,0.0,0.0
2023-11-16 00:00:00-05:00,327.8249178220162,333.0104691652911,324.8489536558696,332.622314453125,18932600,0.0,0.0
2023-11-17 00:00:00-05:00,328.71083738249223,333.92624804949924,327.80510233450565,333.4684143066406,14494400,0.0,0.0
2023-11-20 00:00:00-05:00,333.31908715486327,340.2663254015602,332.6223586182126,338.375244140625,16960500,0.0,0.0
2023-11-21 00:00:00-05:00,336.74293505993177,338.30557773248745,334.32434108868193,335.3992919921875,12027900,0.0,0.0
2023-11-22 00:00:00-05:00,337.618758212851,341.31137648148615,336.9917086814065,339.8880615234375,10702700,0.0,0.0
2023-11-24 00:00:00-05:00,338.5344832825469,340.25634855661747,335.1902289687512,336.6434020996094,5467500,0.0,0.0
2023-11-27 00:00:00-05:00,334.60301242210414,338.3055635607188,332.6323198056057,333.1299743652344,15684500,0.0,0.0
2023-11-28 00:00:00-05:00,331.8360367532549,337.78799590674,331.8360367532549,337.3998107910156,12637200,0.0,0.0
2023-11-29 00:00:00-05:00,338.0965485080961,338.3055549129589,329.2283408372704,330.6416931152344,16024500,0.0,0.0
2023-11-30 00:00:00-05:00,330.3331730553694,331.9356062298584,320.8876684333799,325.6153869628906,23146400,0.0,0.0
2023-12-01 00:00:00-05:00,323.95323336811543,325.32673448183385,319.2553729609138,323.29632568359375,15264700,0.0,0.0
2023-12-04 00:00:00-05:00,315.8016547538193,319.35488540277703,312.1886776102471,318.5188293457031,19037100,0.0,0.0
2023-12-05 00:00:00-05:00,317.48373231503643,320.3701228543676,313.9105760134032,316.7969665527344,16952100,0.0,0.0
2023-12-06 00:00:00-05:00,320.4198416594284,320.7383478517337,315.5527961011568,315.96087646484375,11294300,0.0,0.0
2023-12-07 00:00:00-05:00,316.27932047523444,326.7002066065437,316.27932047523444,325.0579528808594,15905100,0.0,0.0
2023-12-08 00:00:00-05:00,321.5743978308453,331.6071300804727,321.48482366113353,331.1890869140625,14077500,0.0,0.0
2023-12-11 00:00:00-05:00,327.85481911844187,328.3425412434348,318.4989194349257,323.754150390625,25802500,0.0,0.0
2023-12-12 00:00:00-05:00,323.0773229824279,332.90101842405295,323.0375021156789,332.6521911621094,18485500,0.0,0.0
2023-12-13 00:00:00-05:00,332.36354087602086,336.7827154494074,331.07961408230966,333.16973876953125,16353300,0.0,0.0
2023-12-14 00:00:00-05:00,332.2839501169866,333.1299689294354,327.0983981951085,331.6071472167969,19607300,0.0,0.0
2023-12-15 00:00:00-05:00,330.43262898267267,337.07135345361246,329.666251978668,333.3489074707031,30001600,0.0,0.0
2023-12-18 00:00:00-05:00,335.89692677315173,345.92962915941496,335.43906271651696,343.00341796875,18993900,0.0,0.0
2023-12-19 00:00:00-05:00,343.95891527972447,351.94131393033064,343.50108158543,348.71649169921875,17729400,0.0,0.0
2023-12-20 00:00:00-05:00,347.0145214343162,353.29491960262146,346.1585701638808,347.6415710449219,16369900,0.0,0.0
2023-12-21 00:00:00-05:00,351.324237527619,354.7381406497163,347.5719025623058,352.42901611328125,15289600,0.0,0.0
2023-12-22 00:00:00-05:00,353.91196809724534,355.5243942247528,349.5724353481685,351.7322692871094,11764200,0.0,0.0
2023-12-26 00:00:00-05:00,353.32474991909316,355.3054355830845,351.79199585176616,353.1654968261719,9898600,0.0,0.0
2023-12-27 00:00:00-05:00,354.399704928478,357.31595318971944,353.6432603216875,356.15142822265625,13207900,0.0,0.0
2023-12-28 00:00:00-05:00,358.01269155934705,360.2023533310822,356.13154280090816,356.63916015625,11798800,0.0,0.0
2023-12-29 00:00:00-05:00,357.3060254392007,358.3112974100839,350.1696757754612,352.29962158203125,14980500,0.0,0.0
2024-01-02 00:00:00-05:00,349.6719918154254,351.5033568700479,338.4150485975819,344.66558837890625,19042200,0.0,0.0
2024-01-03 00:00:00-05:00,343.3617433360226,346.31781257010687,341.57016873615214,342.8541259765625,15451100,0.0,0.0
2024-01-04 00:00:00-05:00,342.88396387932653,346.5168357961971,341.7891178617216,345.4916687011719,12099900,0.0,0.0
2024-01-05 00:00:00-05:00,345.3622868572737,351.8417586673994,344.6357306708017,350.2990417480469,13920700,0.0,0.0
2024-01-08 00:00:00-05:00,353.0361540033264,357.2960757856238,350.39856055827886,356.9775695800781,13890200,0.0,0.0
2024-01-09 00:00:00-05:00,354.72812882232535,358.9482597237445,353.69299893619376,355.7532958984375,13463900,0.0,0.0
2024-01-10 00:00:00-05:00,358.4805057581702,371.190592521309,357.3955920677726,368.732177734375,22117200,0.0,0.0
2024-01-11 00:00:00-05:00,370.3843955861044,371.0313404530195,361.22753933701176,367.9359436035156,17205400,0.0,0.0
2024-01-12 00:00:00-05:00,368.42366187542825,375.2912893692441,367.8065750233663,372.73333740234375,19295700,0.0,0.0
2024-01-16 00:00:00-05:00,371.89723274281795,373.84803004042226,365.5073654404121,365.73626708984375,15306900,0.0,0.0
2024-01-17 00:00:00-05:00,364.5817315665266,366.811244729802,356.92780172958845,366.64202880859375,12724800,0.0,0.0
2024-01-18 00:00:00-05:00,369.7473821214035,375.0822548981735,369.2099370562284,374.3656311035156,16354300,0.0,0.0
2024-01-19 00:00:00-05:00,377.2221381166091,382.5569801603824,376.19697098789175,381.6512756347656,21470100,0.0,0.0
2024-01-22 00:00:00-05:00,386.13017570793755,388.518911461999,379.3720184453727,379.9891052246094,17680500,0.0,0.0
2024-01-23 00:00:00-05:00,382.81577013523196,386.5581419630543,380.2876765893463,383.39306640625,15506100,0.0,0.0
2024-01-24 00:00:00-05:00,388.17055053021846,394.2916954444642,385.99082116267186,388.8672790527344,15698500,0.0,0.0
2024-01-25 00:00:00-05:00,388.3397422451109,393.63476326348916,383.8508887463011,391.3356018066406,15091100,0.0,0.0
2024-01-26 00:00:00-05:00,392.5001440985125,394.92870069805593,389.7530813016205,392.2911376953125,13163700,0.0,0.0
2024-01-29 00:00:00-05:00,393.137142162557,401.0398990570443,391.2560237081431,399.13885498046875,18742400,0.0,0.0
2024-01-30 00:00:00-05:00,401.6967894599853,404.4537846871412,397.69565787815975,398.183349609375,18614700,0.0,0.0
2024-01-31 00:00:00-05:00,387.17523905461377,396.1330209350547,385.2841578436275,388.3099060058594,20180800,0.0,0.0
2024-02-01 00:00:00-05:00,392.0920750920618,398.6213004548262,391.20623540021666,392.9281311035156,29727100,0.0,0.0
2024-02-02 00:00:00-05:00,457.4440501773763,483.6803824265086,450.8849671150932,472.7618408203125,84615500,0.0,0.0
2024-02-05 00:00:00-05:00,467.6758622466783,469.68637576902626,457.06586319921274,457.2549743652344,40832400,0.0,0.0
2024-02-06 00:00:00-05:00,461.823411597042,464.9287710564939,450.8750117531467,452.5869445800781,21655200,0.0,0.0
2024-02-07 00:00:00-05:00,455.85154818594935,469.3081157041575,454.04007841203037,467.3871765136719,23066000,0.0,0.0
2024-02-08 00:00:00-05:00,466.1231456396784,468.38248626803585,462.84857033186177,467.7952575683594,18815100,0.0,0.0
2024-02-09 00:00:00-05:00,470.7314462601965,471.3684282830897,465.27714151226303,465.91412353515625,18413100,0.0,0.0
2024-02-12 00:00:00-05:00,465.99374801266606,476.9023267300807,464.39128464243504,466.7004089355469,19382000,0.0,0.0
2024-02-13 00:00:00-05:00,454.72685437772867,465.69517987553485,452.95520543085865,457.96160888671875,20916600,0.0,0.0
2024-02-14 00:00:00-05:00,465.7349658882902,471.8859686517295,463.9036008442123,471.05987548828125,16858400,0.0,0.0
2024-02-15 00:00:00-05:00,473.05050586053267,486.32792555423873,470.00486245718605,481.75946044921875,24212300,0.0,0.0
2024-02-16 00:00:00-05:00,475.86720955025993,476.71322834295097,467.00896481517003,471.0997009277344,23306500,0.0,0.0
2024-02-20 00:00:00-05:00,467.51654177984085,473.94622937491175,464.37136171452175,469.5370178222656,18015500,0.0,0.0
2024-02-21 00:00:00-05:00,464.8043284518988,467.2952412517482,460.11145725084464,466.3287658691406,12977100,0.5,0.0
2024-02-22 00:00:00-05:00,478.49440112549854,488.20896156578334,474.3296019984396,484.3630065917969,21625800,0.0,0.0
2024-02-23 00:00:00-05:00,486.27600690207765,492.5630686643995,480.5967437022228,482.2706298828125,18374300,0.0,0.0
2024-02-26 00:00:00-05:00,481.71264471932983,484.3729529627836,478.8530816963061,479.9889221191406,12101400,0.0,0.0
2024-02-27 00:00:00-05:00,478.2353240152109,485.4988035855503,478.1755445426965,485.27960205078125,10809600,0.0,0.0
2024-02-28 00:00:00-05:00,483.2370688521899,489.26506548655226,480.99524739875187,482.2606201171875,12715500,0.0,0.0
2024-02-29 00:00:00-05:00,486.66459019212726,489.91275027049954,480.8557644127886,488.34844970703125,17732000,0.0,0.0
2024-03-01 00:00:00-05:00,490.3212192348352,502.4171062542749,490.0621849829961,500.47418212890625,16273600,0.0,0.0
2024-03-04 00:00:00-05:00,501.1716642705007,502.586516144982,494.6155950432643,496.379150390625,12324100,0.0,0.0
2024-03-05 00:00:00-05:00,493.20073440898324,493.7786127996676,486.11659300084636,488.4381103515625,15325300,0.0,0.0
2024-03-06 00:00:00-05:00,495.82118449566786,501.14177064094855,492.49332861034173,494.2867736816406,11757900,0.0,0.0
2024-03-07 00:00:00-05:00,501.45063030973444,517.9603770393106,499.55754268597104,510.3282470703125,18586400,0.0,0.0
2024-03-08 00:00:00-05:00,512.32100105428,521.666911065442,497.5349458152221,504.1109619140625,18575200,0.0,0.0
2024-03-11 00:00:00-04:00,495.2034165473883,495.5122872886625,474.269776553824,481.8321838378906,20428300,0.0,0.0
2024-03-12 00:00:00-04:00,491.4671018638421,500.48419464342277,482.96810803510033,497.9335021972656,15448200,0.0,0.0
2024-03-13 00:00:00-04:00,493.5893383312873,499.1590157815925,489.24517053555513,493.7686767578125,12090700,0.0,0.0
2024-03-14 00:00:00-04:00,498.4416172742984,499.52765159020504,486.3855934196416,490.042236328125,12620000,0.0,0.0
2024-03-15 00:00:00-04:00,487.2325189558485,490.04224549611934,479.5505219579901,482.3403625488281,29141700,0.0,0.0
2024-03-18 00:00:00-04:00,490.12197495792776,495.61195655671753,485.04050671141175,495.1735534667969,11755300,0.0,0.0
2024-03-19 00:00:00-04:00,486.3955748386632,494.8248152543735,479.5306045549658,494.43621826171875,10903100,0.0,0.0
2024-03-20 00:00:00-04:00,497.68438791493736,506.35277680404414,493.37014023346006,503.6824951171875,11711100,0.0,0.0
2024-03-21 00:00:00-04:00,512.8391174856022,513.1678741926243,504.1707286998775,505.91436767578125,9712500,0.0,0.0
2024-03-22 00:00:00-04:00,505.15714391202204,508.1163496991337,502.5068088967426,507.7277526855469,8117000,0.0,0.0
2024-03-25 00:00:00-04:00,503.95154029526157,505.3763351694112,498.4216954406482,501.19158935546875,8380600,0.0,0.0
2024-03-26 00:00:00-04:00,503.2939285876756,508.1462219597566,493.40997300906133,494.0875244140625,11205400,0.0,0.0
2024-03-27 00:00:00-04:00,497.48510924151634,498.07299144024375,486.29594802208385,492.06488037109375,9989700,0.0,0.0
2024-03-28 00:00:00-04:00,491.04859257964944,491.0984290807041,483.38654221067395,483.8149719238281,15212800,0.0,0.0
2024-04-01 00:00:00-04:00,485.42911655948365,495.6219126533718,480.02880403065797,489.56402587890625,9247000,0.0,0.0
2024-04-02 00:00:00-04:00,483.3367442463119,495.72155586314705,482.8883677625335,495.5621337890625,11081000,0.0,0.0
2024-04-03 00:00:00-04:00,497.1164317772145,505.39622332121564,496.93709335690716,504.8980407714844,12099200,0.0,0.0
2024-04-04 00:00:00-04:00,514.5429055027722,528.0735621028697,508.7241363163239,509.06292724609375,26476300,0.0,0.0
2024-04-05 00:00:00-04:00,514.9812099690105,528.7709286124164,512.5401035058015,525.4231567382812,19242000,0.0,0.0
2024-04-08 00:00:00-04:00,527.3561816187679,529.5581097041235,517.0039330005043,517.3626098632812,13260600,0.0,0.0
2024-04-09 00:00:00-04:00,520.3317000897688,523.9584834633949,504.8980152105673,515.0211181640625,10881400,0.0,0.0
2024-04-10 00:00:00-04:00,507.43885377613293,520.6606093608502,503.9615184655781,517.9405517578125,11418500,0.0,0.0
2024-04-11 00:00:00-04:00,519.2158254344968,521.9558295796515,515.4097032879945,521.2583618164062,10369500,0.0,0.0
2024-04-12 00:00:00-04:00,515.8680487630246,518.2991821255071,507.4786409454992,510.039306640625,11944900,0.0,0.0
2024-04-15 00:00:00-04:00,514.8417641277158,516.6452434055009,495.4724538488081,498.4117431640625,13512900,0.0,0.0
2024-04-16 00:00:00-04:00,496.2994241252725,502.9352195908948,495.30305898761117,497.9434509277344,9847900,0.0,0.0
2024-04-17 00:00:00-04:00,501.2713127841246,501.3310922605612,485.36933351230493,492.373779296875,12193700,0.0,0.0
2024-04-18 00:00:00-04:00,498.00326007133316,510.34823945758444,497.2260964339249,499.9760437011719,14808700,0.0,0.0
2024-04-19 00:00:00-04:00,500.972375440201,500.972375440201,474.00079446729563,479.3213806152344,25111000,0.0,0.0
2024-04-22 00:00:00-04:00,487.9399208543046,490.2216054605686,471.6792350291974,479.9789733886719,17271100,0.0,0.0
2024-04-23 00:00:00-04:00,489.46437591061385,496.947087855681,487.19266460356954,494.2967529296875,15079200,0.0,0.0
2024-04-24 00:00:00-04:00,506.2132815965154,508.14623244265294,482.8186166545257,491.7062072753906,37772700,0.0,0.0
2024-04-25 00:00:00-04:00,419.8682490278648,444.1496617636814,412.99333588695123,439.775634765625,82890700,0.0,0.0
2024-04-26 00:00:00-04:00,439.8553760971793,444.8172857781438,430.3899066236032,441.6787414550781,32691400,0.0,0.0
2024-04-29 00:00:00-04:00,437.96226190943185,438.16154710164096,427.0022452842576,431.0474853515625,21502600,0.0,0.0
2024-04-30 00:00:00-04:00,429.4831600152305,438.0220161367784,428.15800782404466,428.60638427734375,18429500,0.0,0.0
2024-05-01 00:00:00-04:00,427.04212427181926,448.324470023217,425.55751946999504,437.5936279296875,20344900,0.0,0.0
2024-05-02 00:00:00-04:00,437.24485073008907,442.3462351057961,430.70869819788334,440.07452392578125,15221300,0.0,0.0
2024-05-03 00:00:00-04:00,444.3090586474781,452.5191273211899,442.23663272614147,450.317138671875,16489100,0.0,0.0
2024-05-06 00:00:00-04:00,453.92401083119677,464.465570894487,451.69216267855865,463.9873046875,15094600,0.0,0.0
2024-05-07 00:00:00-04:00,464.59513103388576,469.8160748777237,459.63322146185084,466.53802490234375,13406800,0.0,0.0
2024-05-08 00:00:00-04:00,461.81524276810575,473.8513202902337,461.31706019769786,470.8821716308594,11683900,0.0,0.0
2024-05-09 00:00:00-04:00,468.29161264745665,474.34949927894843,465.93023214661764,473.6919250488281,9437700,0.0,0.0
2024-05-10 00:00:00-04:00,475.35583484503064,475.76434819594465,467.89306977309053,474.4690856933594,10750000,0.0,0.0
2024-05-13 00:00:00-04:00,471.0316295379581,471.62945471547624,461.16762053219,466.3088684082031,14668800,0.0,0.0
2024-05-14 00:00:00-04:00,461.68573050507666,470.82241262247226,458.4076805354275,470.1349182128906,10478600,0.0,0.0
2024-05-15 00:00:00-04:00,473.2535200362329,480.74617486177766,469.48726106394446,479.7896728515625,13100500,0.0,0.0
2024-05-16 00:00:00-04:00,473.27341242078234,475.9536369152341,471.03159099352604,471.5098571777344,16608200,0.0,0.0
2024-05-17 00:00:00-04:00,469.11858026391644,471.08142078412743,466.7173670611054,470.1946716308594,10807300,0.0,0.0
2024-05-20 00:00:00-04:00,468.2418148692893,471.4800016099991,465.3423886311172,467.1358337402344,11745100,0.0,0.0
2024-05-21 00:00:00-04:00,465.42207101594107,468.9890751811332,460.58969409195197,462.9411315917969,11742200,0.0,0.0
2024-05-22 00:00:00-04:00,466.16935060979057,471.9980927279,463.9574187949519,466.0796813964844,10078600,0.0,0.0
2024-05-23 00:00:00-04:00,471.1611430164987,472.63574393448664,459.8623661995607,464.0869445800781,11747900,0.0,0.0
2024-05-24 00:00:00-04:00,465.9202736564943,478.10583057251955,464.6050643409165,476.48175048828125,12012300,0.0,0.0
2024-05-28 00:00:00-04:00,474.8476813275343,479.1121228771075,473.11401572762514,478.1755676269531,10175800,0.0,0.0
2024-05-29 00:00:00-04:00,472.93473104027504,478.10586909654177,471.97822891853417,472.63580322265625,9226200,0.0,0.0
2024-05-30 00:00:00-04:00,469.95555791760296,470.0153373933379,463.0208346658362,465.3523254394531,10735200,0.0,0.0
2024-05-31 00:00:00-04:00,464.10689326409187,467.41483299195215,452.80811566012204,465.1331481933594,16919800,0.0,0.0
2024-06-03 00:00:00-04:00,469.1484585058271,477.85671019560755,466.5379867971225,475.7543640136719,11279400,0.0,0.0
2024-06-04 00:00:00-04:00,475.26613793159925,477.1492825072744,471.5098525677158,475.25616455078125,7088700,0.0,0.0
2024-06-05 00:00:00-04:00,482.68907905808396,494.84471488804246,482.1510333966867,493.260498046875,15690500,0.0,0.0
2024-06-06 00:00:00-04:00,491.1881073877741,500.99233691067286,489.1057078527464,491.96527099609375,10667300,0.0,0.0
2024-06-07 00:00:00-04:00,494.10744118684374,497.09653661265514,488.3883150022529,491.16815185546875,9380700,0.0,0.0
2024-06-10 00:00:00-04:00,492.064910191364,500.832942322129,491.61656408887325,500.7731628417969,11236900,0.0,0.0
2024-06-11 00:00:00-04:00,498.34200038373547,505.75495958151856,496.4588556425314,505.62542724609375,9673700,0.0,0.0
2024-06-12 00:00:00-04:00,512.1217225274808,512.1416692910807,502.63633708271516,506.9904479980469,11983200,0.0,0.0
2024-06-13 00:00:00-04:00,503.8718029468352,507.50852960132505,499.537608536514,502.2676696777344,9954600,0.0,0.0
2024-06-14 00:00:00-04:00,501.32018749550235,505.80828233509834,499.42522020615223,502.8262023925781,10243300,0.5,0.0
2024-06-17 00:00:00-04:00,500.3427732497189,509.3987374114916,494.6977439414019,505.2896423339844,11266600,0.0,0.0
2024-06-18 00:00:00-04:00,503.2251427888674,504.6613355859566,493.71037311736205,498.1685485839844,13060400,0.0,0.0
2024-06-20 00:00:00-04:00,500.67190532482755,502.3375005534766,495.45573089177043,500.3727111816406,11801200,0.0,0.0
2024-06-21 00:00:00-04:00,502.1180843319888,502.1180843319888,491.08734711442,493.47100830078125,23130700,0.0,0.0
2024-06-24 00:00:00-04:00,497.879329189251,506.4565526889867,492.98231542757276,497.590087890625,13525300,0.0,0.0
2024-06-25 00:00:00-04:00,495.73500529039063,509.3588704025715,494.18911810475925,509.2491760253906,12109800,0.0,0.0
2024-06-26 00:00:00-04:00,505.3095975439335,512.4506586561395,503.34480817062513,511.7624816894531,8882300,0.0,0.0
2024-06-27 00:00:00-04:00,512.8895360407101,521.4967099840738,512.5404863257912,518.1854858398438,10121200,0.0,0.0
2024-06-28 00:00:00-04:00,515.7818631585335,520.4993300901835,502.5070478134148,502.88604736328125,15855100,0.0,0.0
2024-07-01 00:00:00-04:00,503.6141232864657,505.2397854135722,491.8652895125617,503.3448181152344,10328200,0.0,0.0
2024-07-02 00:00:00-04:00,499.4352013362723,509.149423496295,498.12866950132707,508.1520690917969,7739500,0.0,0.0
2024-07-03 00:00:00-04:00,505.0303715131761,509.92738554938944,504.68129136586316,508.6108703613281,6005600,0.0,0.0
2024-07-05 00:00:00-04:00,510.246556070779,539.4391106295718,510.246556070779,538.4816284179688,21354100,0.0,0.0
2024-07-08 00:00:00-04:00,540.9151748824779,541.3739798552638,525.2567583321568,527.919677734375,14917500,0.0,0.0
2024-07-09 00:00:00-04:00,532.3379184075122,536.0580308916997,526.7926303012964,528.5978393554688,8753200,0.0,0.0
2024-07-10 00:00:00-04:00,529.3856843777168,537.4543077142633,526.9621206539213,533.275390625,10983300,0.0,0.0
2024-07-11 00:00:00-04:00,529.4854758280743,534.0433926014839,507.0250359475886,511.3435974121094,16458300,0.0,0.0
2024-07-12 00:00:00-04:00,496.4431221547364,506.7457794296081,492.92246243757324,497.5501708984375,19750500,0.0,0.0
2024-07-15 00:00:00-04:00,497.31081760153563,505.3395081572605,492.06472384159474,494.84735107421875,12539200,0.0,0.0
2024-07-16 00:00:00-04:00,500.17324396821596,502.6167744833756,484.5048144790846,488.4942321777344,14075800,0.0,0.0
2024-07-17 00:00:00-04:00,477.9023017376505,477.9023017376505,457.905328571596,460.7677307128906,28076600,0.0,0.0
2024-07-18 00:00:00-04:00,473.74333764754465,477.97211054275687,463.31101919766354,474.5910949707031,19267200,0.0,0.0
2024-07-19 00:00:00-04:00,474.8005457997421,485.4223643535943,474.4514656631318,475.52862548828125,15149400,0.0,0.0
2024-07-22 00:00:00-04:00,485.29266627846886,490.75817907426796,482.61976392504766,486.1105041503906,12023100,0.0,0.0
2024-07-23 00:00:00-04:00,488.54407671929795,493.9098482730073,486.42969025653684,487.3971252441406,9455500,0.0,0.0
2024-07-24 00:00:00-04:00,471.06042192526183,475.03985596857615,459.3614446582769,460.04962158203125,17649700,0.0,0.0
2024-07-25 00:00:00-04:00,462.0343958650566,462.3236067182569,441.4789064419887,452.21044921875,18240500,0.0,0.0
2024-07-26 00:00:00-04:00,462.97192494204035,468.5271658214887,458.2045721245555,464.46795654296875,14222400,0.0,0.0
2024-07-29 00:00:00-04:00,468.63688647936897,472.70607900562055,463.78972830816224,464.4779052734375,11339600,0.0,0.0
2024-07-30 00:00:00-04:00,465.7645175423859,471.4793693679955,455.49177911608064,461.964599609375,11390400,0.0,0.0
2024-07-31 00:00:00-04:00,469.7738735533383,475.2393867973792,465.515181086415,473.57379150390625,24285800,0.0,0.0
2024-08-01 00:00:00-04:00,519.621629234288,525.7752886817411,490.79809389196134,496.42315673828125,43083100,0.0,0.0
2024-08-02 00:00:00-04:00,487.70631248838725,499.82416263155864,474.89030207489265,486.8486022949219,24044700,0.0,0.0
2024-08-05 00:00:00-04:00,450.1559295912915,482.20093240553325,449.60736639083,474.471435546875,21396200,0.0,0.0
2024-08-06 00:00:00-04:00,477.7327329300847,501.2303989457279,477.3836528207429,492.7828063964844,20955000,0.0,0.0
2024-08-07 00:00:00-04:00,501.79892335846426,508.80034027827065,485.57194781622036,487.62652587890625,20105300,0.0,0.0
2024-08-08 00:00:00-04:00,496.1837944972908,508.610821310526,493.4111505917444,508.2817077636719,16156800,0.0,0.0
2024-08-09 00:00:00-04:00,506.36679424679943,516.9687068327605,504.3621325984849,516.4002075195312,13696600,0.0,0.0
2024-08-12 00:00:00-04:00,515.4925265619871,516.6494916340242,507.7530779259636,514.5849609375,9767400,0.0,0.0
2024-08-13 00:00:00-04:00,518.634261382388,530.0938534798205,516.7791968434872,527.1416625976562,13743800,0.0,0.0
2024-08-14 00:00:00-04:00,526.663003726039,532.5872917660244,521.7460534495959,525.366455078125,11444200,0.0,0.0
2024-08-15 00:00:00-04:00,530.3830650287364,538.3419943932922,525.3065653122825,535.908447265625,13482100,0.0,0.0
2024-08-16 00:00:00-04:00,530.4927859051207,532.2480783702886,523.2718895114789,526.0245971679688,14776700,0.0,0.0
2024-08-19 00:00:00-04:00,525.4761025731007,530.2534081865273,521.3769906400114,527.8797607421875,9879700,0.0,0.0
2024-08-20 00:00:00-04:00,526.9521349229415,529.6849369159322,524.4886989518025,525.33642578125,7944400,0.0,0.0
2024-08-21 00:00:00-04:00,525.7553832138777,537.9729743095602,525.5359335970294,533.744140625,13423300,0.0,0.0
2024-08-22 00:00:00-04:00,535.5793606781577,542.7902141551943,527.1916362087563,530.5227661132812,15708300,0.0,0.0
2024-08-23 00:00:00-04:00,535.4995340602896,538.4417418614877,523.6709248971505,526.6031494140625,11323900,0.0,0.0
2024-08-26 00:00:00-04:00,526.2041702012604,526.6031363206736,513.5876732511208,519.7413330078125,9584000,0.0,0.0
2024-08-27 00:00:00-04:00,517.606945881941,522.6236675283147,513.9466724281382,517.7266235351562,6282700,0.0,0.0
2024-08-28 00:00:00-04:00,516.3003798185057,519.7113753296502,511.09421962835097,515.4127807617188,9106100,0.0,0.0
2024-08-29 00:00:00-04:00,517.6767591369255,525.8052213752129,514.3156798736528,516.8489379882812,8317400,0.0,0.0
2024-08-30 00:00:00-04:00,519.9707194315399,522.1549281173368,513.837026073228,519.9308471679688,9157500,0.0,0.0
2024-09-03 00:00:00-04:00,518.2652239654169,524.0997225062756,507.27435965653467,510.40606689453125,12459100,0.0,0.0
2024-09-04 00:00:00-04:00,504.7311169813553,515.223304093467,502.73640830596844,511.3834533691406,8335200,0.0,0.0
2024-09-05 00:00:00-04:00,510.36616818924125,520.2499534305978,509.79766890602514,515.4925537109375,8640900,0.0,0.0
2024-09-06 00:00:00-04:00,520.4993164684229,523.1921855093276,496.9318272475794,498.94647216796875,14744500,0.0,0.0
2024-09-09 00:00:00-04:00,504.82089944691495,509.9772045756239,500.751676509204,503.45452880859375,11047800,0.0,0.0
2024-09-10 00:00:00-04:00,506.81560821803276,512.8196706618348,498.70711219354445,503.45452880859375,9899000,0.0,0.0
2024-09-11 00:00:00-04:00,505.66863578869425,511.76245622202606,494.28881906904013,510.4758605957031,10782500,0.0,0.0
2024-09-12 00:00:00-04:00,515.6821043146266,525.3165823557075,513.85692863316,524.20947265625,11993300,0.0,0.0
2024-09-13 00:00:00-04:00,518.9634105254878,526.1842465755389,515.7419144489008,523.2320556640625,10321400,0.0,0.0
2024-09-16 00:00:00-04:00,523.6513423732874,533.1951441126126,516.5234847252611,532.3765869140625,9527600,0.5,0.0
2024-09-17 00:00:00-04:00,536.6891766997394,541.1815528247878,529.6711185711189,535.411376953125,11690800,0.0,0.0
2024-09-18 00:00:00-04:00,536.1601821813024,543.278108456814,532.9955693907114,537.0386962890625,10323500,0.0,0.0
2024-09-19 00:00:00-04:00,549.0682722628771,561.1178323859846,545.5941870565406,558.15283203125,15647000,0.0,0.0
2024-09-20 00:00:00-04:00,559.0512982379992,563.5436747416974,555.3575542597183,560.3989868164062,22066800,0.0,0.0
2024-09-23 00:00:00-04:00,568.535200139111,573.0075909949846,561.4571846215243,563.4537963867188,12830700,0.0,0.0
2024-09-24 00:00:00-04:00,565.7199717295323,566.7881663385376,553.251140972108,562.3756713867188,12993000,0.0,0.0
2024-09-25 00:00:00-04:00,563.0943755026146,575.9026560047768,562.764917527023,567.34716796875,16543400,0.0,0.0
2024-09-26 00:00:00-04:00,574.7545771548597,576.421791707134,561.3972407130617,566.8779907226562,14400800,0.0,0.0
2024-09-27 00:00:00-04:00,569.1341520453253,569.8729495717097,563.5536563544842,566.3988037109375,9398400,0.0,0.0
2024-09-30 00:00:00-04:00,566.7382547675098,573.706410244188,563.8431433708773,571.47021484375,12792300,0.0,0.0
2024-10-01 00:00:00-04:00,577.0007987585797,582.052223949219,569.1341437441329,575.4933471679688,15259300,0.0,0.0
2024-10-02 00:00:00-04:00,573.8861145161185,575.0241978646806,568.3755073868431,571.839599609375,6524700,0.0,0.0
2024-10-03 00:00:00-04:00,569.1840999965109,582.3716811685491,567.7664618304881,581.78271484375,11581000,0.0,0.0
2024-10-04 00:00:00-04:00,582.7410829589448,595.8388514800449,580.4449915774629,594.930419921875,14169500,0.0,0.0
2024-10-07 00:00:00-04:00,597.2065408042621,601.9285692599291,583.0505701091017,583.7893676757812,12014200,0.0,0.0
2024-10-08 00:00:00-04:00,588.6909682347708,592.5544069282686,584.9772388569517,591.8855590820312,7857400,0.0,0.0
2024-10-09 00:00:00-04:00,592.9836672926635,593.383013995398,580.6246363035814,589.5095825195312,9529700,0.0,0.0
2024-10-10 00:00:00-04:00,586.5745352205768,589.2300017888213,581.5331032114448,582.8408813476562,7740400,0.0,0.0
2024-10-11 00:00:00-04:00,583.8392403320302,590.2084366715601,581.722836757389,588.9505615234375,8587100,0.0,0.0
2024-10-14 00:00:00-04:00,593.21322748736,599.0832703101336,588.9604960748801,589.419677734375,8252000,0.0,0.0
2024-10-15 00:00:00-04:00,589.1601579101996,589.609407732317,579.1571746540536,585.2767944335938,9564200,0.0,0.0
2024-10-16 00:00:00-04:00,580.4150414195622,581.0938820809059,573.0575322321221,575.8128051757812,11268400,0.0,0.0
2024-10-17 00:00:00-04:00,582.3417573737693,583.9789326282403,574.2255260943747,575.9525756835938,8701200,0.0,0.0
2024-10-18 00:00:00-04:00,580.1155081526317,582.9806410828543,574.2754432717226,575.4933471679688,7694300,0.0,0.0
2024-10-21 00:00:00-04:00,575.0541901204554,576.2621012910602,568.1458692618588,574.1856079101562,8171900,0.0,0.0
2024-10-22 00:00:00-04:00,573.3170341117068,582.5414311786456,571.150727517959,581.0239868164062,8544500,0.0,0.0
2024-10-23 00:00:00-04:00,578.9874344994295,584.0089423449544,561.5470599470716,562.7350463867188,14248400,0.0,0.0
2024-10-24 00:00:00-04:00,566.1691920700792,567.9162272782188,560.568710969321,566.818115234375,7184700,0.0,0.0
2024-10-25 00:00:00-04:00,572.9576492363118,580.3051654129531,570.7513714491723,572.27880859375,11337900,0.0,0.0
2024-10-28 00:00:00-04:00,581.0140022146043,582.7610374446309,573.147347275715,577.1804809570312,10925100,0.0,0.0
2024-10-29 00:00:00-04:00,579.1672018209299,592.6642563781992,574.4252487176307,592.2749633789062,13019100,0.0,0.0
2024-10-30 00:00:00-04:00,599.961803260404,600.18146222204,588.3814802937598,590.79736328125,26864900,0.0,0.0
2024-10-31 00:00:00-04:00,584.0089406317576,588.9006638234266,562.0562040483729,566.6184692382812,26838400,0.0,0.0
2024-11-01 00:00:00-04:00,566.6483464807679,572.6980772551971,561.6069143240354,566.1990966796875,15303200,0.0,0.0
2024-11-04 00:00:00-05:00,563.144352806453,567.7266038519388,556.9449119547328,559.7301635742188,12064600,0.0,0.0
2024-11-05 00:00:00-05:00,566.3388912408113,572.5084140245058,565.7099536866323,571.460205078125,9775400,0.0,0.0
2024-11-06 00:00:00-05:00,561.7966390012363,572.0292743628759,554.229463302176,571.0808715820312,18305400,0.0,0.0
2024-11-07 00:00:00-05:00,575.9127234281675,593.7923558507847,574.2355767751123,590.6976318359375,14653700,0.0,0.0
2024-11-08 00:00:00-05:00,590.5378379587844,592.0951926933623,583.5297721190619,588.3416137695312,9415700,0.0,0.0
2024-11-11 00:00:00-05:00,585.366604942105,586.00553531121,575.5333166694651,582.1820068359375,10209100,0.0,0.0
2024-11-12 00:00:00-05:00,587.5428920783899,598.6440480490492,579.3967433041139,583.8292236328125,16287700,0.0,0.0
2024-11-13 00:00:00-05:00,581.6229586734983,584.6478546567904,574.1955606863224,579.0173950195312,10757600,0.0,0.0
2024-11-14 00:00:00-05:00,576.0224878119504,579.7761276375875,572.0392571340474,576.1821899414062,11053700,0.0,0.0
2024-11-15 00:00:00-05:00,570.252274465218,571.6000240070317,550.5657111050427,553.141357421875,17712900,0.0,0.0
2024-11-18 00:00:00-05:00,556.0962966980143,558.9514978806496,549.1581194372038,553.4608154296875,14346700,0.0,0.0
2024-11-19 00:00:00-05:00,550.9250607524925,560.4788552047905,549.6671856118743,560.1394653320312,9522400,0.0,0.0
2024-11-20 00:00:00-05:00,561.9763116905509,565.390500678348,553.2611210117975,564.5619506835938,9797300,0.0,0.0
2024-11-21 00:00:00-05:00,568.555146432614,569.0343137249589,548.1197947446825,562.1360473632812,11154700,0.0,0.0
2024-11-22 00:00:00-05:00,562.5952510232509,562.8748059092092,553.650469580645,558.1927490234375,9164000,0.0,0.0
2024-11-25 00:00:00-05:00,561.1476776202871,571.6199568654145,555.4473903786079,564.152587890625,13599800,0.0,0.0
2024-11-26 00:00:00-05:00,565.0410943888924,576.5216113243557,564.2424619188627,572.5682983398438,10356600,0.0,0.0
2024-11-27 00:00:00-05:00,573.9160190095296,574.0058324070926,563.1442607498313,568.2356567382812,7200200,0.0,0.0
2024-11-29 00:00:00-05:00,568.0360512532919,577.4800469055187,565.9396332575727,573.3470458984375,7130500,0.0,0.0
2024-12-02 00:00:00-05:00,576.5216376072835,593.4928373290564,574.5949145977398,591.82568359375,12522400,0.0,0.0
2024-12-03 00:00:00-05:00,593.9919840199593,613.1594686318281,590.2483370618503,612.6104125976562,14907200,0.0,0.0
2024-12-04 00:00:00-05:00,611.9215552584485,616.7333966061125,604.0748252320993,612.7401733398438,14697000,0.0,0.0
2024-12-05 00:00:00-05:00,616.0345935489895,618.8498233695451,606.0215565844734,607.8983764648438,8081200,0.0,0.0
2024-12-06 00:00:00-05:00,609.0663720551125,628.7230165931262,607.4990854973933,622.7132568359375,16935500,0.0,0.0
2024-12-09 00:00:00-05:00,622.8629585822455,625.3387984829403,605.143030037455,612.530517578125,11426000,0.0,0.0
2024-12-10 00:00:00-05:00,616.5137848674528,624.5302104357933,611.7019431511976,618.2708129882812,10938900,0.0,0.0
2024-12-11 00:00:00-05:00,622.3139290288647,637.318495591936,620.4770803388628,631.608154296875,10837200,0.0,0.0
2024-12-12 00:00:00-05:00,630.4301936561714,635.5814254356923,626.1474831596408,629.7213745117188,7474700,0.0,0.0
2024-12-13 00:00:00-05:00,626.1574292737397,630.0109365523356,615.8449726718511,619.299072265625,8453300,0.0,0.0
2024-12-16 00:00:00-05:00,629.420007736044,630.5890116598864,618.0301774865133,623.6851196289062,10885600,0.5,0.0
2024-12-17 00:00:00-05:00,625.613402725808,631.8079039629248,615.9919576111723,618.889404296875,12897800,0.0,0.0
2024-12-18 00:00:00-05:00,620.4480133143085,626.8023454819172,595.7899578806528,596.6591796875,17075500,0.0,0.0
2024-12-19 00:00:00-05:00,609.8474217814187,610.9764221710803,594.4710877502442,595.0405883789062,14958100,0.0,0.0
2024-12-20 00:00:00-05:00,590.0550768385264,602.5739077699969,579.4844638542556,584.7297973632812,48989400,0.0,0.0
2024-12-23 00:00:00-05:00,589.0758836258183,600.5557214561685,585.7288858135305,599.3167724609375,10205800,0.0,0.0
2024-12-24 00:00:00-05:00,602.18421967186,607.4495547417749,598.7473359909974,607.2097778320312,4726100,0.0,0.0
2024-12-26 00:00:00-05:00,604.9417711960614,605.7610496183185,598.4076065348586,602.8136596679688,6081400,0.0,0.0
2024-12-27 00:00:00-05:00,598.8771866170372,601.3150202583132,589.2757431165518,599.27685546875,8084200,0.0,0.0
2024-12-30 00:00:00-05:00,588.226639708199,596.4093617724204,585.059474705781,590.7144165039062,7025900,0.0,0.0
2024-12-31 00:00:00-05:00,591.7435639321293,593.4420040553556,583.3310043759192,584.9895629882812,6019500,0.0,0.0
2025-01-02 00:00:00-05:00,589.1957790711948,604.3722793886026,587.2975045360681,598.7073364257812,12682300,0.0,0.0
2025-01-03 00:00:00-05:00,604.2224186140523,608.9581953145173,595.8798046163633,604.092529296875,11436800,0.0,0.0
2025-01-06 00:00:00-05:00,611.2861653941472,630.429107364017,605.0816634693568,629.6398315429688,14560800,0.0,0.0
2025-01-07 00:00:00-05:00,631.1384808399608,631.5380886830453,607.6893121042956,617.3407592773438,12071500,0.0,0.0
2025-01-08 00:00:00-05:00,612.8547955325016,615.8920714343907,602.2541800285583,610.1771240234375,10085800,0.0,0.0
2025-01-10 00:00:00-05:00,609.4877870994305,629.3500601048015,596.8090645204555,615.3125610351562,19256600,0.0,0.0
2025-01-13 00:00:00-05:00,606.5603584516555,608.4286914350151,597.9180835402799,607.789306640625,10785000,0.0,0.0
2025-01-14 00:00:00-05:00,604.5321917343676,604.9518013433293,588.0268559982835,593.7218017578125,13598000,0.0,0.0
2025-01-15 00:00:00-05:00,609.6676409065044,621.9067525765506,605.9609165618788,616.5714721679688,15524300,0.0,0.0
2025-01-16 00:00:00-05:00,610.9564262093133,615.7022038454446,609.1680393269272,610.756591796875,8355300,0.0,0.0
2025-01-17 00:00:00-05:00,623.4952835439785,624.4144487016482,603.1333939973155,612.225341796875,17280600,0.0,0.0
2025-01-21 00:00:00-05:00,617.2808256632173,620.9475463117574,608.4686584766922,615.9120483398438,11674000,0.0,0.0
2025-01-22 00:00:00-05:00,622.745966355468,633.1367466870842,618.8794110911601,622.94580078125,12274000,0.0,0.0
2025-01-23 00:00:00-05:00,626.8023305338492,636.0341074215171,620.597889576449,635.88427734375,9910200,0.0,0.0
2025-01-24 00:00:00-05:00,635.8343208926308,651.4204294754496,633.6362643025149,646.9144287109375,19065300,0.0,0.0
2025-01-27 00:00:00-05:00,626.0530102379722,663.2799006811211,624.5443426754407,659.29345703125,28399200,0.0,0.0
2025-01-28 00:00:00-05:00,665.4079784595224,681.9732572201489,658.8837538443346,673.7305908203125,20950100,0.0,0.0
2025-01-29 00:00:00-05:00,674.4000060630054,680.4446161433896,665.0782822378817,675.888671875,21377800,0.0,0.0
2025-01-30 00:00:00-05:00,696.200621832455,710.1581749857351,675.4990076007216,686.3893432617188,29322900,0.0,0.0
2025-01-31 00:00:00-05:00,690.3857723381032,704.6730489182394,684.9706072332008,688.5673828125,19331700,0.0,0.0
2025-02-03 00:00:00-05:00,675.3091937227201,703.3742528890535,674.649807192235,696.840087890625,21415700,0.0,0.0
2025-02-04 00:00:00-05:00,701.8755866223114,707.0809776947289,690.995251505304,703.5640869140625,13826300,0.0,0.0
2025-02-05 00:00:00-05:00,702.9246352066622,717.5016936715592,698.3886925528532,704.2434692382812,17778200,0.0,0.0
2025-02-06 00:00:00-05:00,705.2525623903425,718.2610086889607,702.8746730458445,711.3571166992188,13080700,0.0,0.0
2025-02-07 00:00:00-05:00,716.162829309228,724.3655534509123,711.1173304150035,713.8848876953125,16427100,0.0,0.0
2025-02-10 00:00:00-05:00,717.9212711485029,720.558939093694,710.697717393577,716.7623291015625,12904300,0.0,0.0
2025-02-11 00:00:00-05:00,712.6859358478964,723.0167104534308,709.4088221751414,719.16015625,12998000,0.0,0.0
2025-02-12 00:00:00-05:00,714.6641723225413,726.4536713486742,711.9665601009159,724.7352294921875,12016500,0.0,0.0
2025-02-13 00:00:00-05:00,720.8786940316196,728.3520258945355,717.4017457743258,727.9124145507812,12569100,0.0,0.0
2025-02-14 00:00:00-05:00,725.4945889979003,740.2514192957425,724.9750316832167,736.0151977539062,16901200,0.0,0.0
2025-02-18 00:00:00-05:00,735.3457711447024,736.3448822468013,705.8120494058986,715.7332153320312,21938700,0.0,0.0
2025-02-19 00:00:00-05:00,703.4741329865286,706.37157970015,694.7719139390767,703.1444702148438,17535500,0.0,0.0
2025-02-20 00:00:00-05:00,696.6602457328806,705.0027993686539,693.0234665438812,694.222412109375,12587400,0.0,0.0
2025-02-21 00:00:00-05:00,695.9608297659651,703.2443277596083,681.7534381597311,682.9423828125,15660400,0.0,0.0
2025-02-24 00:00:00-05:00,685.6700244492644,686.6591347238324,661.8611888382964,667.5361328125,15677000,0.0,0.0
2025-02-25 00:00:00-05:00,665.3780306420172,667.406255569748,641.2894751849396,656.9155883789062,20579700,0.0,0.0
2025-02-26 00:00:00-05:00,659.0636967789872,682.4029186886339,657.4151389833991,673.1011962890625,14488700,0.0,0.0
2025-02-27 00:00:00-05:00,681.8434098860729,688.0379111520425,656.9855198372225,657.6549072265625,12500000,0.0,0.0
2025-02-28 00:00:00-05:00,657.4550757218477,669.034800720811,642.0287972080544,667.6060791015625,17534200,0.0,0.0
2025-03-03 00:00:00-05:00,673.0811570323929,680.6444353602695,650.2614937084818,654.4677124023438,10843800,0.0,0.0
2025-03-04 00:00:00-05:00,644.9362031172728,649.1724243402481,623.0956495401799,639.4310913085938,21495200,0.0,0.0
2025-03-05 00:00:00-05:00,640.4302542191028,658.9138106981253,637.09319610967,655.886474609375,13770000,0.0,0.0
2025-03-06 00:00:00-05:00,647.4239932814962,649.9817152601623,623.5552144493282,627.371826171875,13446500,0.0,0.0
2025-03-07 00:00:00-05:00,624.8141005363861,634.2257099756501,600.0761000698269,625.1038208007812,21375700,0.0,0.0
2025-03-10 00:00:00-04:00,607.5294919896663,609.5676566741505,586.3483245399041,597.4584350585938,21999900,0.0,0.0
2025-03-11 00:00:00-04:00,594.5210719524441,614.3834063038594,592.8026300616355,605.171630859375,17401500,0.0,0.0
2025-03-12 00:00:00-04:00,629.3401130606143,632.7670568528157,608.8083309497569,619.00927734375,15747000,0.0,0.0
2025-03-13 00:00:00-04:00,619.6986550441117,619.9484328172048,585.988656544404,590.114990234375,16480300,0.0,0.0
2025-03-14 00:00:00-04:00,602.7999877929688,608.8599853515625,594.780029296875,607.5999755859375,12364500,0.525,0.0
2025-03-17 00:00:00-04:00,607.4600219726562,613.0999755859375,598.0,604.9000244140625,15473900,0.0,0.0
2025-03-18 00:00:00-04:00,600.0499877929688,600.25,574.6599731445312,582.3599853515625,20297700,0.0,0.0
2025-03-19 00:00:00-04:00,584.280029296875,592.3200073242188,574.77001953125,584.0599975585938,20537500,0.0,0.0
2025-03-20 00:00:00-04:00,582.760009765625,610.2000122070312,579.510009765625,586.0,24336500,0.0,0.0
2025-03-21 00:00:00-04:00,583.4199829101562,597.5399780273438,580.9500122070312,596.25,25015900,0.0,0.0
2025-03-24 00:00:00-04:00,614.969970703125,622.5399780273438,612.2000122070312,618.8499755859375,15741300,0.0,0.0
2025-03-25 00:00:00-04:00,626.760009765625,633.8800048828125,621.1799926757812,626.3099975585938,15312500,0.0,0.0
2025-03-26 00:00:00-04:00,624.8900146484375,626.75,606.6099853515625,610.97998046875,12609800,0.0,0.0
2025-03-27 00:00:00-04:00,602.0,614.25,600.0999755859375,602.5800170898438,10436500,0.0,0.0
2025-03-28 00:00:00-04:00,600.3099975585938,601.75,573.9199829101562,576.739990234375,17566500,0.0,0.0
2025-03-31 00:00:00-04:00,563.094970703125,574.5599975585938,553.3099975585938,571.2449951171875,11982490,0.0,0.0
